Date,Voucher,Particulars,Receipts,Payments
01 Jul 2026,RCT-0701,Card takings 01 Jul,"£2,340.80",
03/07/2026,INV-2026-048,Fabricon Industries Ltd,,"1.150,00"
05-Jul-2026,DD-RENT,Grafton Estates rent,,"(2,400.00)"
07/07/2026,FPO-WAGES,Staff wages w/e 07 Jul,,"3,180.00"
8/07/2026,RCT-0708,Card takings 08 Jul,$1890.50,
10/07/2026,CHQ-1088,Harris & Sons Catering,,"(825.00)"
"Jul 15, 2026",RCT-0715,Card takings 15 Jul,"1,620.00",
18/07/2026,DD-ELEC,PowerGrid Energy direct debit,,318.90
20/07/2026,RCT-CARTER,Carter event deposit,+750.00,
22/07/2026,DD-INS,Hiscox Insurance direct debit,,96.50
25/07/2026,TRF-5568,Transfer to savings account,,"1,000.00"
28/07/2026,RCT-SUPPLIER,Barista Co Ltd supplier rebate,128.40,
29/07/2026,ADJ-0729,Prior period adjustment,see note,
30/07/2026,,Verifone card machine fee,,45.20
